/*
SQLyog Ultimate v13.1.1 (64 bit)
MySQL - 10.4.32-MariaDB : Database - library2
*********************************************************************
*/

/*!40101 SET NAMES utf8 */;

/*!40101 SET SQL_MODE=''*/;

/*!40014 SET @OLD_UNIQUE_CHECKS=@@UNIQUE_CHECKS, UNIQUE_CHECKS=0 */;
/*!40014 SET @OLD_FOREIGN_KEY_CHECKS=@@FOREIGN_KEY_CHECKS, FOREIGN_KEY_CHECKS=0 */;
/*!40101 SET @OLD_SQL_MODE=@@SQL_MODE, SQL_MODE='NO_AUTO_VALUE_ON_ZERO' */;
/*!40111 SET @OLD_SQL_NOTES=@@SQL_NOTES, SQL_NOTES=0 */;
CREATE DATABASE /*!32312 IF NOT EXISTS*/`library2` /*!40100 DEFAULT CHARACTER SET utf8mb4 COLLATE utf8mb4_general_ci */;

USE `library2`;

/*Table structure for table `authors` */

DROP TABLE IF EXISTS `authors`;

CREATE TABLE `authors` (
  `authorid` int(9) NOT NULL AUTO_INCREMENT,
  `name` char(255) NOT NULL,
  PRIMARY KEY (`authorid`)
) ENGINE=InnoDB AUTO_INCREMENT=104 DEFAULT CHARSET=utf8mb4 COLLATE=utf8mb4_general_ci;

/*Data for the table `authors` */

insert  into `authors`(`authorid`,`name`) values 
(1,'clint'),
(2,'Author B'),
(3,'Author C'),
(4,'Author D'),
(5,'Author E'),
(6,'Author F'),
(7,'Author G'),
(8,'Author H'),
(9,'Author I'),
(10,'Author J'),
(11,'Author K'),
(12,'Author L'),
(13,'Author M'),
(14,'Author N'),
(15,'Author O'),
(16,'Author P'),
(17,'Author Q'),
(18,'Author R'),
(19,'Author S'),
(20,'Author T'),
(21,'Author U'),
(22,'Author V'),
(23,'Author W'),
(24,'Author X'),
(25,'Author Y'),
(26,'Author Z'),
(27,'Author AA'),
(28,'Author BB'),
(29,'Author CC'),
(30,'Author DD'),
(31,'Author EE'),
(32,'Author FF'),
(33,'Author GG'),
(34,'Author HH'),
(35,'Author II'),
(36,'Author JJ'),
(37,'Author KK'),
(38,'Author LL'),
(39,'Author MM'),
(40,'Author NN'),
(41,'Author OO'),
(42,'Author PP'),
(43,'Author QQ'),
(44,'Author RR'),
(45,'Author SS'),
(46,'Author TT'),
(47,'Author UU'),
(48,'Author VV'),
(49,'Author WW'),
(50,'Author XX'),
(51,'Author YY'),
(52,'Author ZZ'),
(53,'Author AAA'),
(54,'Author BBB'),
(55,'Author CCC'),
(56,'Author DDD'),
(57,'Author EEE'),
(58,'Author FFF'),
(59,'Author GGG'),
(60,'Author HHH'),
(61,'Author III'),
(62,'Author JJJ'),
(63,'Author KKK'),
(64,'Author LLL'),
(65,'Author MMM'),
(66,'Author NNN'),
(67,'Author OOO'),
(68,'Author PPP'),
(69,'Author QQQ'),
(70,'Author RRR'),
(71,'Author SSS'),
(72,'Author TTT'),
(73,'Author UUU'),
(74,'Author VVV'),
(75,'Author WWW'),
(76,'Author XXX'),
(77,'Author YYY'),
(78,'Author ZZZ'),
(79,'Author AAAA'),
(80,'Author BBBB'),
(81,'Author CCCC'),
(82,'Author DDDD'),
(83,'Author EEEE'),
(84,'Author FFFF'),
(85,'Author GGGG'),
(86,'Author HHHH'),
(87,'Author IIII'),
(88,'Author JJJJ'),
(89,'Author KKKK'),
(90,'Author LLLL'),
(91,'Author MMMM'),
(92,'Author NNNN'),
(93,'Author OOOO'),
(94,'Author PPPP'),
(95,'Author QQQQ'),
(96,'Author RRRR'),
(97,'Author SSSS'),
(98,'Author TTTT'),
(99,'Author UUUU'),
(101,'J.K. Rowling');

/*Table structure for table `books` */

DROP TABLE IF EXISTS `books`;

CREATE TABLE `books` (
  `bookid` int(9) NOT NULL AUTO_INCREMENT,
  `title` char(255) NOT NULL,
  `authorid` int(9) NOT NULL,
  PRIMARY KEY (`bookid`),
  KEY `authorid` (`authorid`),
  CONSTRAINT `books_ibfk_1` FOREIGN KEY (`authorid`) REFERENCES `authors` (`authorid`) ON DELETE CASCADE ON UPDATE CASCADE
) ENGINE=InnoDB AUTO_INCREMENT=145 DEFAULT CHARSET=utf8mb4 COLLATE=utf8mb4_general_ci;

/*Data for the table `books` */

insert  into `books`(`bookid`,`title`,`authorid`) values 
(1,'Book Title 1',1),
(2,'Book Title 2',2),
(3,'Book Title 3',3),
(4,'Book Title 4',4),
(5,'hakdog',65),
(6,'Book Title 6',6),
(7,'Book Title 7',7),
(8,'Book Title 8',8),
(9,'Book Title 9',9),
(10,'Book Title 10',10),
(11,'Book Title 11',11),
(12,'Book Title 12',12),
(13,'Book Title 13',13),
(14,'Book Title 14',14),
(15,'Book Title 15',15),
(16,'Book Title 16',16),
(17,'Book Title 17',17),
(18,'Book Title 18',18),
(19,'Book Title 19',19),
(20,'Book Title 20',20),
(21,'Book Title 21',21),
(22,'Book Title 22',22),
(23,'Book Title 23',23),
(24,'Book Title 24',24),
(25,'Book Title 25',25),
(26,'Book Title 26',26),
(27,'Book Title 27',27),
(28,'Book Title 28',28),
(29,'Book Title 29',29),
(30,'Book Title 30',30),
(31,'Book Title 31',31),
(32,'Book Title 32',32),
(33,'Book Title 33',33),
(34,'Book Title 34',34),
(35,'Book Title 35',35),
(36,'Book Title 36',36),
(37,'Book Title 37',37),
(38,'Book Title 38',38),
(39,'Book Title 39',39),
(40,'Book Title 40',40),
(41,'Book Title 41',41),
(42,'Book Title 42',42),
(43,'Book Title 43',43),
(44,'Book Title 44',44),
(45,'Book Title 45',45),
(46,'Book Title 46',46),
(47,'Book Title 47',47),
(48,'Book Title 48',48),
(49,'Book Title 49',49),
(50,'Book Title 50',50),
(51,'Book Title 51',51),
(52,'Book Title 52',52),
(53,'Book Title 53',53),
(54,'Book Title 54',54),
(55,'Book Title 55',55),
(56,'Book Title 56',56),
(57,'Book Title 57',57),
(58,'Book Title 58',58),
(59,'Book Title 59',59),
(60,'Book Title 60',60),
(61,'Book Title 61',61),
(62,'Book Title 62',62),
(63,'Book Title 63',63),
(64,'Book Title 64',64),
(65,'Book Title 65',65),
(66,'Book Title 66',66),
(67,'Book Title 67',67),
(68,'Book Title 68',68),
(69,'Book Title 69',69),
(70,'Book Title 70',70),
(71,'Book Title 71',71),
(72,'Book Title 72',72),
(73,'Book Title 73',73),
(74,'Book Title 74',74),
(75,'Book Title 75',75),
(76,'Book Title 76',76),
(77,'Book Title 77',77),
(78,'Book Title 78',78),
(79,'Book Title 79',79),
(80,'Book Title 80',80),
(81,'Book Title 81',81),
(82,'Book Title 82',82),
(83,'Book Title 83',83),
(84,'Book Title 84',84),
(85,'Book Title 85',85),
(86,'Book Title 86',86),
(87,'Book Title 87',87),
(88,'Book Title 88',88),
(89,'Book Title 89',89),
(90,'Book Title 90',90),
(91,'Book Title 91',91),
(92,'Book Title 92',92),
(93,'Book Title 93',93),
(94,'Book Title 94',94),
(95,'Book Title 95',95),
(96,'Book Title 96',96),
(97,'Book Title 97',97),
(98,'Book Title 98',98),
(99,'Book Title 99',99),
(121,'The Great Gatsby',1),
(138,'The Great Gatsby',1);

/*Table structure for table `books_authors` */

DROP TABLE IF EXISTS `books_authors`;

CREATE TABLE `books_authors` (
  `collectionid` int(9) NOT NULL AUTO_INCREMENT,
  `bookid` int(9) NOT NULL,
  `authorid` int(9) NOT NULL,
  PRIMARY KEY (`collectionid`),
  KEY `authorid` (`authorid`),
  KEY `bookid` (`bookid`),
  CONSTRAINT `books_authors_ibfk_1` FOREIGN KEY (`authorid`) REFERENCES `authors` (`authorid`) ON DELETE CASCADE ON UPDATE CASCADE,
  CONSTRAINT `books_authors_ibfk_2` FOREIGN KEY (`bookid`) REFERENCES `books` (`bookid`) ON DELETE CASCADE ON UPDATE CASCADE
) ENGINE=InnoDB AUTO_INCREMENT=103 DEFAULT CHARSET=utf8mb4 COLLATE=utf8mb4_general_ci;

/*Data for the table `books_authors` */

insert  into `books_authors`(`collectionid`,`bookid`,`authorid`) values 
(1,1,1),
(2,2,2),
(3,3,3),
(4,4,4),
(5,5,5),
(6,6,6),
(7,7,7),
(8,8,8),
(9,9,9),
(10,10,10),
(11,11,11),
(12,12,12),
(13,13,13),
(14,14,14),
(15,15,15),
(16,16,16),
(17,17,17),
(18,18,18),
(19,19,19),
(20,20,20),
(21,21,21),
(22,22,22),
(23,23,23),
(24,24,24),
(25,25,25),
(26,26,26),
(27,27,27),
(28,28,28),
(29,29,29),
(30,30,30),
(31,31,31),
(32,32,32),
(33,33,33),
(34,34,34),
(35,35,35),
(36,36,36),
(37,37,37),
(38,38,38),
(39,39,39),
(40,40,40),
(41,41,41),
(42,42,42),
(43,43,43),
(44,44,44),
(45,45,45),
(46,46,46),
(47,47,47),
(48,48,48),
(49,49,49),
(50,50,50),
(51,51,51),
(52,52,52),
(53,53,53),
(54,54,54),
(55,55,55),
(56,56,56),
(57,57,57),
(58,58,58),
(59,59,59),
(60,60,60),
(61,61,61),
(62,62,62),
(63,63,63),
(64,64,64),
(65,65,65),
(66,66,66),
(67,67,67),
(68,68,68),
(69,69,69),
(70,70,70),
(71,71,71),
(72,72,72),
(73,73,73),
(74,74,74),
(75,75,75),
(76,76,76),
(77,77,77),
(78,78,78),
(79,79,79),
(80,80,80),
(81,81,81),
(82,82,82),
(83,83,83),
(84,84,84),
(85,85,85),
(86,86,86),
(87,87,87),
(88,88,88),
(89,89,89),
(90,90,90),
(91,91,91),
(92,92,92),
(93,93,93),
(94,94,94),
(95,95,95),
(96,96,96),
(97,97,97),
(98,98,98),
(99,99,99),
(102,1,99);

/*Table structure for table `jwt_tokens` */

DROP TABLE IF EXISTS `jwt_tokens`;

CREATE TABLE `jwt_tokens` (
  `id` int(11) NOT NULL AUTO_INCREMENT,
  `userid` int(11) NOT NULL,
  `token` text NOT NULL,
  `iat` int(11) NOT NULL,
  `exp` int(11) NOT NULL,
  `type` enum('access','refresh') NOT NULL,
  `used` tinyint(1) DEFAULT 0,
  PRIMARY KEY (`id`),
  KEY `userid` (`userid`),
  CONSTRAINT `jwt_tokens_ibfk_1` FOREIGN KEY (`userid`) REFERENCES `users` (`userid`) ON DELETE CASCADE
) ENGINE=InnoDB AUTO_INCREMENT=147 DEFAULT CHARSET=utf8mb4 COLLATE=utf8mb4_general_ci;

/*Data for the table `jwt_tokens` */

insert  into `jwt_tokens`(`id`,`userid`,`token`,`iat`,`exp`,`type`,`used`) values 
(1,106,'eyJ0eXAiOiJKV1QiLCJhbGciOiJIUzI1NiJ9.eyJpc3MiOiJodHRwOi8vbGlicmFyeS5vcmciLCJhdWQiOiJodHRwOi8vbGlicmFyeS5jb20iLCJpYXQiOjE3Mjc2NjY2NjYsImV4cCI6MTczMDI1ODY2NiwiZGF0YSI6eyJ1c2VyaWQiOjEwNn19.9o830kVZ8iSxAYCgxDu_G7D_K5IXaBlKjBEvRR90mi8',1727666666,1730258666,'refresh',0),
(2,106,'eyJ0eXAiOiJKV1QiLCJhbGciOiJIUzI1NiJ9.eyJpc3MiOiJodHRwOi8vbGlicmFyeS5vcmciLCJhdWQiOiJodHRwOi8vbGlicmFyeS5jb20iLCJpYXQiOjE3Mjc2NjY5MjgsImV4cCI6MTczMDI1ODkyOCwiZGF0YSI6eyJ1c2VyaWQiOjEwNn19.HEtc997LPRW44UV4rt9bNdxo4JbTlJ6Z-h2LzrbtK_k',1727666928,1730258928,'refresh',0),
(3,106,'eyJ0eXAiOiJKV1QiLCJhbGciOiJIUzI1NiJ9.eyJpc3MiOiJodHRwOi8vbGlicmFyeS5vcmciLCJhdWQiOiJodHRwOi8vbGlicmFyeS5jb20iLCJpYXQiOjE3Mjc2NjY5MjksImV4cCI6MTczMDI1ODkyOSwiZGF0YSI6eyJ1c2VyaWQiOjEwNn19.5EkL-JXb2gFgf-4yjFbdeiY8ZBrTzV_VBoCpYs_B0a0',1727666929,1730258929,'refresh',0),
(4,106,'eyJ0eXAiOiJKV1QiLCJhbGciOiJIUzI1NiJ9.eyJpc3MiOiJodHRwOi8vbGlicmFyeS5vcmciLCJhdWQiOiJodHRwOi8vbGlicmFyeS5jb20iLCJpYXQiOjE3Mjc2NjY5MjksImV4cCI6MTczMDI1ODkyOSwiZGF0YSI6eyJ1c2VyaWQiOjEwNn19.5EkL-JXb2gFgf-4yjFbdeiY8ZBrTzV_VBoCpYs_B0a0',1727666929,1730258929,'refresh',0),
(5,106,'eyJ0eXAiOiJKV1QiLCJhbGciOiJIUzI1NiJ9.eyJpc3MiOiJodHRwOi8vbGlicmFyeS5vcmciLCJhdWQiOiJodHRwOi8vbGlicmFyeS5jb20iLCJpYXQiOjE3Mjc2NjY5MzIsImV4cCI6MTcyNzY3MDUzMiwiZGF0YSI6eyJ1c2VyaWQiOjEwNn19.SgCgpYwP3exjMNogO3szQ4a5ALfEsMirNKmFbKlcYI4',1727666932,1727670532,'access',0),
(6,106,'eyJ0eXAiOiJKV1QiLCJhbGciOiJIUzI1NiJ9.eyJpc3MiOiJodHRwOi8vbGlicmFyeS5vcmciLCJhdWQiOiJodHRwOi8vbGlicmFyeS5jb20iLCJpYXQiOjE3Mjc2NjY5MzIsImV4cCI6MTcyNzY3MDUzMiwiZGF0YSI6eyJ1c2VyaWQiOjEwNn19.SgCgpYwP3exjMNogO3szQ4a5ALfEsMirNKmFbKlcYI4',1727666932,1727670532,'access',0),
(7,106,'eyJ0eXAiOiJKV1QiLCJhbGciOiJIUzI1NiJ9.eyJpc3MiOiJodHRwOi8vbGlicmFyeS5vcmciLCJhdWQiOiJodHRwOi8vbGlicmFyeS5jb20iLCJpYXQiOjE3Mjc2NjY5MzMsImV4cCI6MTcyNzY3MDUzMywiZGF0YSI6eyJ1c2VyaWQiOjEwNn19.Hgw9wDVDLR0Xt6kl5fuvol7-H8V3hA19k4DiEMHvfys',1727666933,1727670533,'access',1),
(8,106,'eyJ0eXAiOiJKV1QiLCJhbGciOiJIUzI1NiJ9.eyJpc3MiOiJodHRwOi8vbGlicmFyeS5vcmciLCJhdWQiOiJodHRwOi8vbGlicmFyeS5jb20iLCJpYXQiOjE3Mjc2NjY5NTAsImV4cCI6MTcyNzY3MDU1MCwiZGF0YSI6eyJ1c2VyaWQiOjEwNn19.vEISEy6mhijh-LeGaOoyVLFXgX0gZqr2qGCh8mIJmBM',1727666950,1727670550,'access',1),
(9,106,'eyJ0eXAiOiJKV1QiLCJhbGciOiJIUzI1NiJ9.eyJpc3MiOiJodHRwOi8vbGlicmFyeS5vcmciLCJhdWQiOiJodHRwOi8vbGlicmFyeS5jb20iLCJpYXQiOjE3Mjc2NjY5NjIsImV4cCI6MTcyNzY3MDU2MiwiZGF0YSI6eyJ1c2VyaWQiOjEwNn19.UN8mB6zOCvzM5y9JI-ogggW9edwY5WqfoQLu3C5XXqg',1727666962,1727670562,'access',0),
(10,106,'eyJ0eXAiOiJKV1QiLCJhbGciOiJIUzI1NiJ9.eyJpc3MiOiJodHRwOi8vbGlicmFyeS5vcmciLCJhdWQiOiJodHRwOi8vbGlicmFyeS5jb20iLCJpYXQiOjE3Mjc2NjY5ODAsImV4cCI6MTcyNzY3MDU4MCwiZGF0YSI6eyJ1c2VyaWQiOjEwNn19.uicc1n0kPQt__oyNnFYNpKGjySdAQMmbHAlhy34a33w',1727666980,1727670580,'access',0),
(11,106,'eyJ0eXAiOiJKV1QiLCJhbGciOiJIUzI1NiJ9.eyJpc3MiOiJodHRwOi8vbGlicmFyeS5vcmciLCJhdWQiOiJodHRwOi8vbGlicmFyeS5jb20iLCJpYXQiOjE3Mjc2NjY5ODAsImV4cCI6MTcyNzY3MDU4MCwiZGF0YSI6eyJ1c2VyaWQiOjEwNn19.uicc1n0kPQt__oyNnFYNpKGjySdAQMmbHAlhy34a33w',1727666980,1727670580,'access',0),
(12,106,'eyJ0eXAiOiJKV1QiLCJhbGciOiJIUzI1NiJ9.eyJpc3MiOiJodHRwOi8vbGlicmFyeS5vcmciLCJhdWQiOiJodHRwOi8vbGlicmFyeS5jb20iLCJpYXQiOjE3Mjc2NjY5ODEsImV4cCI6MTcyNzY3MDU4MSwiZGF0YSI6eyJ1c2VyaWQiOjEwNn19.5IChOed_M4xEoU826LIxTqlljKkcUpoDIxrSVclISrY',1727666981,1727670581,'access',1),
(13,106,'eyJ0eXAiOiJKV1QiLCJhbGciOiJIUzI1NiJ9.eyJpc3MiOiJodHRwOi8vbGlicmFyeS5vcmciLCJhdWQiOiJodHRwOi8vbGlicmFyeS5jb20iLCJpYXQiOjE3Mjc2NjY5ODEsImV4cCI6MTcyNzY3MDU4MSwiZGF0YSI6eyJ1c2VyaWQiOjEwNn19.5IChOed_M4xEoU826LIxTqlljKkcUpoDIxrSVclISrY',1727666981,1727670581,'access',1),
(14,106,'eyJ0eXAiOiJKV1QiLCJhbGciOiJIUzI1NiJ9.eyJpc3MiOiJodHRwOi8vbGlicmFyeS5vcmciLCJhdWQiOiJodHRwOi8vbGlicmFyeS5jb20iLCJpYXQiOjE3Mjc2NjcwMDMsImV4cCI6MTcyNzY3MDYwMywiZGF0YSI6eyJ1c2VyaWQiOjEwNn19.-SEGOTA6Smk_b8P-sJd4JGMi18Y0qq1IHr9ujrkKI8E',1727667003,1727670603,'access',0),
(15,106,'eyJ0eXAiOiJKV1QiLCJhbGciOiJIUzI1NiJ9.eyJpc3MiOiJodHRwOi8vbGlicmFyeS5vcmciLCJhdWQiOiJodHRwOi8vbGlicmFyeS5jb20iLCJpYXQiOjE3Mjc2NjcwMDQsImV4cCI6MTcyNzY3MDYwNCwiZGF0YSI6eyJ1c2VyaWQiOjEwNn19.MPtsBurNA7tLC4pFfyXjpUXdveXWRwqavUDeeqpMlUE',1727667004,1727670604,'access',0),
(16,106,'eyJ0eXAiOiJKV1QiLCJhbGciOiJIUzI1NiJ9.eyJpc3MiOiJodHRwOi8vbGlicmFyeS5vcmciLCJhdWQiOiJodHRwOi8vbGlicmFyeS5jb20iLCJpYXQiOjE3Mjc2NjcwMDQsImV4cCI6MTcyNzY3MDYwNCwiZGF0YSI6eyJ1c2VyaWQiOjEwNn19.MPtsBurNA7tLC4pFfyXjpUXdveXWRwqavUDeeqpMlUE',1727667004,1727670604,'access',0),
(17,106,'eyJ0eXAiOiJKV1QiLCJhbGciOiJIUzI1NiJ9.eyJpc3MiOiJodHRwOi8vbGlicmFyeS5vcmciLCJhdWQiOiJodHRwOi8vbGlicmFyeS5jb20iLCJpYXQiOjE3Mjc2NjcwMDQsImV4cCI6MTcyNzY3MDYwNCwiZGF0YSI6eyJ1c2VyaWQiOjEwNn19.MPtsBurNA7tLC4pFfyXjpUXdveXWRwqavUDeeqpMlUE',1727667004,1727670604,'access',0),
(18,106,'eyJ0eXAiOiJKV1QiLCJhbGciOiJIUzI1NiJ9.eyJpc3MiOiJodHRwOi8vbGlicmFyeS5vcmciLCJhdWQiOiJodHRwOi8vbGlicmFyeS5jb20iLCJpYXQiOjE3Mjc2NjcwMDQsImV4cCI6MTcyNzY3MDYwNCwiZGF0YSI6eyJ1c2VyaWQiOjEwNn19.MPtsBurNA7tLC4pFfyXjpUXdveXWRwqavUDeeqpMlUE',1727667004,1727670604,'access',0),
(19,106,'eyJ0eXAiOiJKV1QiLCJhbGciOiJIUzI1NiJ9.eyJpc3MiOiJodHRwOi8vbGlicmFyeS5vcmciLCJhdWQiOiJodHRwOi8vbGlicmFyeS5jb20iLCJpYXQiOjE3Mjc2NjcwMDQsImV4cCI6MTcyNzY3MDYwNCwiZGF0YSI6eyJ1c2VyaWQiOjEwNn19.MPtsBurNA7tLC4pFfyXjpUXdveXWRwqavUDeeqpMlUE',1727667004,1727670604,'access',0),
(20,106,'eyJ0eXAiOiJKV1QiLCJhbGciOiJIUzI1NiJ9.eyJpc3MiOiJodHRwOi8vbGlicmFyeS5vcmciLCJhdWQiOiJodHRwOi8vbGlicmFyeS5jb20iLCJpYXQiOjE3Mjc2NjcwMDQsImV4cCI6MTcyNzY3MDYwNCwiZGF0YSI6eyJ1c2VyaWQiOjEwNn19.MPtsBurNA7tLC4pFfyXjpUXdveXWRwqavUDeeqpMlUE',1727667004,1727670604,'access',0),
(21,106,'eyJ0eXAiOiJKV1QiLCJhbGciOiJIUzI1NiJ9.eyJpc3MiOiJodHRwOi8vbGlicmFyeS5vcmciLCJhdWQiOiJodHRwOi8vbGlicmFyeS5jb20iLCJpYXQiOjE3Mjc2NjcwMDQsImV4cCI6MTcyNzY3MDYwNCwiZGF0YSI6eyJ1c2VyaWQiOjEwNn19.MPtsBurNA7tLC4pFfyXjpUXdveXWRwqavUDeeqpMlUE',1727667004,1727670604,'access',0),
(22,106,'eyJ0eXAiOiJKV1QiLCJhbGciOiJIUzI1NiJ9.eyJpc3MiOiJodHRwOi8vbGlicmFyeS5vcmciLCJhdWQiOiJodHRwOi8vbGlicmFyeS5jb20iLCJpYXQiOjE3Mjc2NjcwMDUsImV4cCI6MTcyNzY3MDYwNSwiZGF0YSI6eyJ1c2VyaWQiOjEwNn19.aesJSwJYlN67xesfKCZJVsOa-EcowkqWR4ApyDj1D5Q',1727667005,1727670605,'access',1),
(23,106,'eyJ0eXAiOiJKV1QiLCJhbGciOiJIUzI1NiJ9.eyJpc3MiOiJodHRwOi8vbGlicmFyeS5vcmciLCJhdWQiOiJodHRwOi8vbGlicmFyeS5jb20iLCJpYXQiOjE3Mjc2NjcwMDUsImV4cCI6MTcyNzY3MDYwNSwiZGF0YSI6eyJ1c2VyaWQiOjEwNn19.aesJSwJYlN67xesfKCZJVsOa-EcowkqWR4ApyDj1D5Q',1727667005,1727670605,'access',1),
(24,106,'eyJ0eXAiOiJKV1QiLCJhbGciOiJIUzI1NiJ9.eyJpc3MiOiJodHRwOi8vbGlicmFyeS5vcmciLCJhdWQiOiJodHRwOi8vbGlicmFyeS5jb20iLCJpYXQiOjE3Mjc2NjcwMDUsImV4cCI6MTcyNzY3MDYwNSwiZGF0YSI6eyJ1c2VyaWQiOjEwNn19.aesJSwJYlN67xesfKCZJVsOa-EcowkqWR4ApyDj1D5Q',1727667005,1727670605,'access',1),
(25,106,'eyJ0eXAiOiJKV1QiLCJhbGciOiJIUzI1NiJ9.eyJpc3MiOiJodHRwOi8vbGlicmFyeS5vcmciLCJhdWQiOiJodHRwOi8vbGlicmFyeS5jb20iLCJpYXQiOjE3Mjc2NjcwMDUsImV4cCI6MTcyNzY3MDYwNSwiZGF0YSI6eyJ1c2VyaWQiOjEwNn19.aesJSwJYlN67xesfKCZJVsOa-EcowkqWR4ApyDj1D5Q',1727667005,1727670605,'access',1),
(26,106,'eyJ0eXAiOiJKV1QiLCJhbGciOiJIUzI1NiJ9.eyJpc3MiOiJodHRwOi8vbGlicmFyeS5vcmciLCJhdWQiOiJodHRwOi8vbGlicmFyeS5jb20iLCJpYXQiOjE3MjgyNjE1MjUsImV4cCI6MTczMDg1MzUyNSwiZGF0YSI6eyJ1c2VyaWQiOjEwNn19.BrcEFX7zXwm8n0j8_jkPbi7PPmMxAol2O_YmgRw-sHA',1728261525,1730853525,'refresh',0),
(27,106,'eyJ0eXAiOiJKV1QiLCJhbGciOiJIUzI1NiJ9.eyJpc3MiOiJodHRwOi8vbGlicmFyeS5vcmciLCJhdWQiOiJodHRwOi8vbGlicmFyeS5jb20iLCJpYXQiOjE3MjgyNjE1NDAsImV4cCI6MTcyODI2NTE0MCwiZGF0YSI6eyJ1c2VyaWQiOjEwNn19.AuCq-rhwwgc0KAbdTlokOjdNurM752AQ8tS-1R49BXA',1728261540,1728265140,'access',0),
(28,106,'eyJ0eXAiOiJKV1QiLCJhbGciOiJIUzI1NiJ9.eyJpc3MiOiJodHRwOi8vbGlicmFyeS5vcmciLCJhdWQiOiJodHRwOi8vbGlicmFyeS5jb20iLCJpYXQiOjE3MjgyNjE4MTcsImV4cCI6MTcyODI2NTQxNywiZGF0YSI6eyJ1c2VyaWQiOjEwNn19.u4cF4BC2y9pjSib8uBswxf2ZgXTuO1Uneo2Ni68Wr_4',1728261817,1728265417,'access',1),
(29,106,'eyJ0eXAiOiJKV1QiLCJhbGciOiJIUzI1NiJ9.eyJpc3MiOiJodHRwOi8vbGlicmFyeS5vcmciLCJhdWQiOiJodHRwOi8vbGlicmFyeS5jb20iLCJpYXQiOjE3MjgyNjE4NTksImV4cCI6MTcyODI2NTQ1OSwiZGF0YSI6eyJ1c2VyaWQiOjEwNn19.tW_sTe3aogJhc4jY23IytPPZyqPb01470cWZjCjje8U',1728261859,1728265459,'access',1),
(30,106,'eyJ0eXAiOiJKV1QiLCJhbGciOiJIUzI1NiJ9.eyJpc3MiOiJodHRwOi8vbGlicmFyeS5vcmciLCJhdWQiOiJodHRwOi8vbGlicmFyeS5jb20iLCJpYXQiOjE3MjgyNjE5NDAsImV4cCI6MTcyODI2NTU0MCwiZGF0YSI6eyJ1c2VyaWQiOjEwNn19.CGnMuHjcCL4ztnyNVsRlpd-ez7F0pA-CEhUq8wfvvpU',1728261940,1728265540,'access',1),
(31,106,'eyJ0eXAiOiJKV1QiLCJhbGciOiJIUzI1NiJ9.eyJpc3MiOiJodHRwOi8vbGlicmFyeS5vcmciLCJhdWQiOiJodHRwOi8vbGlicmFyeS5jb20iLCJpYXQiOjE3MjgyNjE5NjcsImV4cCI6MTcyODI2NTU2NywiZGF0YSI6eyJ1c2VyaWQiOjEwNn19.o11gYMMd197-fIAedSJtoGEqFmK5RGAcwVksASUaIC0',1728261967,1728265567,'access',1),
(32,106,'eyJ0eXAiOiJKV1QiLCJhbGciOiJIUzI1NiJ9.eyJpc3MiOiJodHRwOi8vbGlicmFyeS5vcmciLCJhdWQiOiJodHRwOi8vbGlicmFyeS5jb20iLCJpYXQiOjE3MjgyNjE5NjcsImV4cCI6MTcyODI2NTU2NywiZGF0YSI6eyJ1c2VyaWQiOjEwNn19.o11gYMMd197-fIAedSJtoGEqFmK5RGAcwVksASUaIC0',1728261967,1728265567,'access',1),
(33,106,'eyJ0eXAiOiJKV1QiLCJhbGciOiJIUzI1NiJ9.eyJpc3MiOiJodHRwOi8vbGlicmFyeS5vcmciLCJhdWQiOiJodHRwOi8vbGlicmFyeS5jb20iLCJpYXQiOjE3MjgyNjI0MzMsImV4cCI6MTcyODI2NjAzMywiZGF0YSI6eyJ1c2VyaWQiOjEwNn19.c-3hiT3tLNJPa-ah-IQCEuIXRZQNF-_3JibEq-e8bGQ',1728262433,1728266033,'access',1),
(34,106,'eyJ0eXAiOiJKV1QiLCJhbGciOiJIUzI1NiJ9.eyJpc3MiOiJodHRwOi8vbGlicmFyeS5vcmciLCJhdWQiOiJodHRwOi8vbGlicmFyeS5jb20iLCJpYXQiOjE3MjgyNjI0NjQsImV4cCI6MTcyODI2NjA2NCwiZGF0YSI6eyJ1c2VyaWQiOjEwNn19.bD1HwcsT3XnKizrRBBMUpCKjWda1bMVCecrmPE1B-Eo',1728262464,1728266064,'access',1),
(35,106,'eyJ0eXAiOiJKV1QiLCJhbGciOiJIUzI1NiJ9.eyJpc3MiOiJodHRwOi8vbGlicmFyeS5vcmciLCJhdWQiOiJodHRwOi8vbGlicmFyeS5jb20iLCJpYXQiOjE3MjgyNjI1MzYsImV4cCI6MTcyODI2NjEzNiwiZGF0YSI6eyJ1c2VyaWQiOjEwNn19.80GLkJKbkU8piUsmUMIlVtSS4pc8dMooVdrPPyW0ASs',1728262536,1728266136,'access',1),
(36,106,'eyJ0eXAiOiJKV1QiLCJhbGciOiJIUzI1NiJ9.eyJpc3MiOiJodHRwOi8vbGlicmFyeS5vcmciLCJhdWQiOiJodHRwOi8vbGlicmFyeS5jb20iLCJpYXQiOjE3MjgyNjI1NzMsImV4cCI6MTcyODI2NjE3MywiZGF0YSI6eyJ1c2VyaWQiOjEwNn19.iq6XuMmyIMRvkAqk4lkog_L4SC7X79G5NN5czOcV_Ao',1728262573,1728266173,'access',1),
(37,106,'eyJ0eXAiOiJKV1QiLCJhbGciOiJIUzI1NiJ9.eyJpc3MiOiJodHRwOi8vbGlicmFyeS5vcmciLCJhdWQiOiJodHRwOi8vbGlicmFyeS5jb20iLCJpYXQiOjE3MjgyNjI2MDUsImV4cCI6MTcyODI2NjIwNSwiZGF0YSI6eyJ1c2VyaWQiOjEwNn19.vgMAI8aWx0QOn_YYTtwkFWq36_StR7DSMhshSkp8LPo',1728262605,1728266205,'access',1),
(38,106,'eyJ0eXAiOiJKV1QiLCJhbGciOiJIUzI1NiJ9.eyJpc3MiOiJodHRwOi8vbGlicmFyeS5vcmciLCJhdWQiOiJodHRwOi8vbGlicmFyeS5jb20iLCJpYXQiOjE3MjgyNjI3MTYsImV4cCI6MTcyODI2NjMxNiwiZGF0YSI6eyJ1c2VyaWQiOjEwNn19.ie96UB7UMBewzmz9pJAQHSCfTSXVRwlWqIBO1enFKrQ',1728262716,1728266316,'access',1),
(39,106,'eyJ0eXAiOiJKV1QiLCJhbGciOiJIUzI1NiJ9.eyJpc3MiOiJodHRwOi8vbGlicmFyeS5vcmciLCJhdWQiOiJodHRwOi8vbGlicmFyeS5jb20iLCJpYXQiOjE3MjgyNjI3NDYsImV4cCI6MTcyODI2NjM0NiwiZGF0YSI6eyJ1c2VyaWQiOjEwNn19._CeHAyC1QIfvwV1BP9CHxWwqfuFyTwvyebMu20sVDBo',1728262746,1728266346,'access',1),
(40,106,'eyJ0eXAiOiJKV1QiLCJhbGciOiJIUzI1NiJ9.eyJpc3MiOiJodHRwOi8vbGlicmFyeS5vcmciLCJhdWQiOiJodHRwOi8vbGlicmFyeS5jb20iLCJpYXQiOjE3MjgyNjI4MzgsImV4cCI6MTcyODI2NjQzOCwiZGF0YSI6eyJ1c2VyaWQiOjEwNn19.CMXHOaFSwtBsnnCmXMksQjV-i8u_EyzeEslm0Z322qE',1728262838,1728266438,'access',0),
(41,106,'eyJ0eXAiOiJKV1QiLCJhbGciOiJIUzI1NiJ9.eyJpc3MiOiJodHRwOi8vbGlicmFyeS5vcmciLCJhdWQiOiJodHRwOi8vbGlicmFyeS5jb20iLCJpYXQiOjE3MjgyNjI4MzksImV4cCI6MTcyODI2NjQzOSwiZGF0YSI6eyJ1c2VyaWQiOjEwNn19.lR6h21iD3st1XKT14OD86TocAefd0ndcw8MO9f0Gb-k',1728262839,1728266439,'access',0),
(42,106,'eyJ0eXAiOiJKV1QiLCJhbGciOiJIUzI1NiJ9.eyJpc3MiOiJodHRwOi8vbGlicmFyeS5vcmciLCJhdWQiOiJodHRwOi8vbGlicmFyeS5jb20iLCJpYXQiOjE3MjgyNjI4MzksImV4cCI6MTcyODI2NjQzOSwiZGF0YSI6eyJ1c2VyaWQiOjEwNn19.lR6h21iD3st1XKT14OD86TocAefd0ndcw8MO9f0Gb-k',1728262839,1728266439,'access',0),
(43,106,'eyJ0eXAiOiJKV1QiLCJhbGciOiJIUzI1NiJ9.eyJpc3MiOiJodHRwOi8vbGlicmFyeS5vcmciLCJhdWQiOiJodHRwOi8vbGlicmFyeS5jb20iLCJpYXQiOjE3MjgyNjI4MzksImV4cCI6MTcyODI2NjQzOSwiZGF0YSI6eyJ1c2VyaWQiOjEwNn19.lR6h21iD3st1XKT14OD86TocAefd0ndcw8MO9f0Gb-k',1728262839,1728266439,'access',0),
(44,106,'eyJ0eXAiOiJKV1QiLCJhbGciOiJIUzI1NiJ9.eyJpc3MiOiJodHRwOi8vbGlicmFyeS5vcmciLCJhdWQiOiJodHRwOi8vbGlicmFyeS5jb20iLCJpYXQiOjE3MjgyNjI4NDAsImV4cCI6MTcyODI2NjQ0MCwiZGF0YSI6eyJ1c2VyaWQiOjEwNn19.s9FnaKu9KRHQtHxvx5bGrKXBRiIpS0Sysv8e6JEm88M',1728262840,1728266440,'access',1),
(45,106,'eyJ0eXAiOiJKV1QiLCJhbGciOiJIUzI1NiJ9.eyJpc3MiOiJodHRwOi8vbGlicmFyeS5vcmciLCJhdWQiOiJodHRwOi8vbGlicmFyeS5jb20iLCJpYXQiOjE3MjgyNjI4NzksImV4cCI6MTcyODI2NjQ3OSwiZGF0YSI6eyJ1c2VyaWQiOjEwNn19.XMIDJsSTJC4FOHVybttbTxvy61JaDVgcX3na9aa5M0o',1728262879,1728266479,'access',1),
(46,106,'eyJ0eXAiOiJKV1QiLCJhbGciOiJIUzI1NiJ9.eyJpc3MiOiJodHRwOi8vbGlicmFyeS5vcmciLCJhdWQiOiJodHRwOi8vbGlicmFyeS5jb20iLCJpYXQiOjE3MjgyNjI5NDEsImV4cCI6MTcyODI2NjU0MSwiZGF0YSI6eyJ1c2VyaWQiOjEwNn19.s0pCMIWKfhZCSLXxld4-DiG7p0WxhNw_5jvLZqMhaDs',1728262941,1728266541,'access',1),
(47,106,'eyJ0eXAiOiJKV1QiLCJhbGciOiJIUzI1NiJ9.eyJpc3MiOiJodHRwOi8vbGlicmFyeS5vcmciLCJhdWQiOiJodHRwOi8vbGlicmFyeS5jb20iLCJpYXQiOjE3MjgyNjI5NjksImV4cCI6MTcyODI2NjU2OSwiZGF0YSI6eyJ1c2VyaWQiOjEwNn19.znk8eJMmIWZojsnkC_9YCYps1Y0eGIgpxkYaFSj2zo8',1728262969,1728266569,'access',1),
(48,106,'eyJ0eXAiOiJKV1QiLCJhbGciOiJIUzI1NiJ9.eyJpc3MiOiJodHRwOi8vbGlicmFyeS5vcmciLCJhdWQiOiJodHRwOi8vbGlicmFyeS5jb20iLCJpYXQiOjE3MjgyNjMxMTMsImV4cCI6MTcyODI2NjcxMywiZGF0YSI6eyJ1c2VyaWQiOjEwNn19.EJovCEm-UBdNbj-YXsd9QHdRPeYFv7RPOkPLZYc0maY',1728263113,1728266713,'access',1),
(49,106,'eyJ0eXAiOiJKV1QiLCJhbGciOiJIUzI1NiJ9.eyJpc3MiOiJodHRwOi8vbGlicmFyeS5vcmciLCJhdWQiOiJodHRwOi8vbGlicmFyeS5jb20iLCJpYXQiOjE3MjgyNjMzMjcsImV4cCI6MTcyODI2NjkyNywiZGF0YSI6eyJ1c2VyaWQiOjEwNn19.wqxJBirXQ2Tca9BP21J3hEDKsSCA7KdFvuAZOwLTjvg',1728263327,1728266927,'access',0),
(50,106,'eyJ0eXAiOiJKV1QiLCJhbGciOiJIUzI1NiJ9.eyJpc3MiOiJodHRwOi8vbGlicmFyeS5vcmciLCJhdWQiOiJodHRwOi8vbGlicmFyeS5jb20iLCJpYXQiOjE3MjgyNjMzMjgsImV4cCI6MTcyODI2NjkyOCwiZGF0YSI6eyJ1c2VyaWQiOjEwNn19.p9mCkYunnq3dcfvmJj7KnJmgRkJO-N2S5SE9A61lwFM',1728263328,1728266928,'access',1),
(51,106,'eyJ0eXAiOiJKV1QiLCJhbGciOiJIUzI1NiJ9.eyJpc3MiOiJodHRwOi8vbGlicmFyeS5vcmciLCJhdWQiOiJodHRwOi8vbGlicmFyeS5jb20iLCJpYXQiOjE3MjgyNjMzNTAsImV4cCI6MTcyODI2Njk1MCwiZGF0YSI6eyJ1c2VyaWQiOjEwNn19.34b92njLdZoSs3hb7msATzTVXLosu3j2HnZ4qtDikgI',1728263350,1728266950,'access',0),
(52,106,'eyJ0eXAiOiJKV1QiLCJhbGciOiJIUzI1NiJ9.eyJpc3MiOiJodHRwOi8vbGlicmFyeS5vcmciLCJhdWQiOiJodHRwOi8vbGlicmFyeS5jb20iLCJpYXQiOjE3MjgyNjMzNTIsImV4cCI6MTcyODI2Njk1MiwiZGF0YSI6eyJ1c2VyaWQiOjEwNn19.Bsifo_IboPjov9md8B7GawY2BaxBxPXY4_-yOYwECyk',1728263352,1728266952,'access',0),
(53,106,'eyJ0eXAiOiJKV1QiLCJhbGciOiJIUzI1NiJ9.eyJpc3MiOiJodHRwOi8vbGlicmFyeS5vcmciLCJhdWQiOiJodHRwOi8vbGlicmFyeS5jb20iLCJpYXQiOjE3MjgyNjMzNTQsImV4cCI6MTcyODI2Njk1NCwiZGF0YSI6eyJ1c2VyaWQiOjEwNn19.bALUyO5C5utrNYanB-y2oj5lDuVSzqNMjxlr7Z7WzAA',1728263354,1728266954,'access',1),
(54,106,'eyJ0eXAiOiJKV1QiLCJhbGciOiJIUzI1NiJ9.eyJpc3MiOiJodHRwOi8vbGlicmFyeS5vcmciLCJhdWQiOiJodHRwOi8vbGlicmFyeS5jb20iLCJpYXQiOjE3MjgyNjM0MTUsImV4cCI6MTcyODI2NzAxNSwiZGF0YSI6eyJ1c2VyaWQiOjEwNn19.euv6cWIMFnP9QKMUnApr-JlXKld4wv5FuCV__6rjOd4',1728263415,1728267015,'access',1),
(55,106,'eyJ0eXAiOiJKV1QiLCJhbGciOiJIUzI1NiJ9.eyJpc3MiOiJodHRwOi8vbGlicmFyeS5vcmciLCJhdWQiOiJodHRwOi8vbGlicmFyeS5jb20iLCJpYXQiOjE3MjgyNjM1MDUsImV4cCI6MTcyODI2NzEwNSwiZGF0YSI6eyJ1c2VyaWQiOjEwNn19.zNyMTYuJlrunoec5oanPh-Du_xpQtoKeC2HrNe2HDZE',1728263505,1728267105,'access',1),
(56,106,'eyJ0eXAiOiJKV1QiLCJhbGciOiJIUzI1NiJ9.eyJpc3MiOiJodHRwOi8vbGlicmFyeS5vcmciLCJhdWQiOiJodHRwOi8vbGlicmFyeS5jb20iLCJpYXQiOjE3MjgyNjM1NDAsImV4cCI6MTcyODI2NzE0MCwiZGF0YSI6eyJ1c2VyaWQiOjEwNn19.iI1aaVbn4EucklPcbx5GVtn9OFJtXzEaYDQT1SBNTMs',1728263540,1728267140,'access',1),
(57,106,'eyJ0eXAiOiJKV1QiLCJhbGciOiJIUzI1NiJ9.eyJpc3MiOiJodHRwOi8vbGlicmFyeS5vcmciLCJhdWQiOiJodHRwOi8vbGlicmFyeS5jb20iLCJpYXQiOjE3MjgyNjM1NzksImV4cCI6MTcyODI2NzE3OSwiZGF0YSI6eyJ1c2VyaWQiOjEwNn19.92y3wpHjJ0wwy0t9UhXNgX41KZVUvRAv6nn4qZvIXU0',1728263579,1728267179,'access',1),
(58,106,'eyJ0eXAiOiJKV1QiLCJhbGciOiJIUzI1NiJ9.eyJpc3MiOiJodHRwOi8vbGlicmFyeS5vcmciLCJhdWQiOiJodHRwOi8vbGlicmFyeS5jb20iLCJpYXQiOjE3MjgyNjM2MTcsImV4cCI6MTcyODI2NzIxNywiZGF0YSI6eyJ1c2VyaWQiOjEwNn19.4ljd1gn1z8zJL5NOezF1o6awXDHs3tk-1MJdJ1OQ7OU',1728263617,1728267217,'access',1),
(59,106,'eyJ0eXAiOiJKV1QiLCJhbGciOiJIUzI1NiJ9.eyJpc3MiOiJodHRwOi8vbGlicmFyeS5vcmciLCJhdWQiOiJodHRwOi8vbGlicmFyeS5jb20iLCJpYXQiOjE3MjgyNjM3MzcsImV4cCI6MTcyODI2NzMzNywiZGF0YSI6eyJ1c2VyaWQiOjEwNn19.IrA4qt1LoHDW1DNvX2vjfiFPBEYcbkoSCuxHLmJs5WI',1728263737,1728267337,'access',0),
(60,106,'eyJ0eXAiOiJKV1QiLCJhbGciOiJIUzI1NiJ9.eyJpc3MiOiJodHRwOi8vbGlicmFyeS5vcmciLCJhdWQiOiJodHRwOi8vbGlicmFyeS5jb20iLCJpYXQiOjE3MjgyNjM3MzcsImV4cCI6MTcyODI2NzMzNywiZGF0YSI6eyJ1c2VyaWQiOjEwNn19.IrA4qt1LoHDW1DNvX2vjfiFPBEYcbkoSCuxHLmJs5WI',1728263737,1728267337,'access',0),
(61,106,'eyJ0eXAiOiJKV1QiLCJhbGciOiJIUzI1NiJ9.eyJpc3MiOiJodHRwOi8vbGlicmFyeS5vcmciLCJhdWQiOiJodHRwOi8vbGlicmFyeS5jb20iLCJpYXQiOjE3MjgyNjM3MzksImV4cCI6MTcyODI2NzMzOSwiZGF0YSI6eyJ1c2VyaWQiOjEwNn19.E7aGIHA2LddmyUAK97vJygxBjYpjI_1J4SjI3d2WYLk',1728263739,1728267339,'access',1),
(62,106,'eyJ0eXAiOiJKV1QiLCJhbGciOiJIUzI1NiJ9.eyJpc3MiOiJodHRwOi8vbGlicmFyeS5vcmciLCJhdWQiOiJodHRwOi8vbGlicmFyeS5jb20iLCJpYXQiOjE3MjgyNjU0NzQsImV4cCI6MTczMDg1NzQ3NCwiZGF0YSI6eyJ1c2VyaWQiOjEwNn19.jcTI3lCtr6ieUKqzmpcdf6upvlPthHbifW-9S40i0aY',1728265474,1730857474,'refresh',0),
(63,106,'eyJ0eXAiOiJKV1QiLCJhbGciOiJIUzI1NiJ9.eyJpc3MiOiJodHRwOi8vbGlicmFyeS5vcmciLCJhdWQiOiJodHRwOi8vbGlicmFyeS5jb20iLCJpYXQiOjE3MjgyNjU1NTYsImV4cCI6MTcyODI2OTE1NiwiZGF0YSI6eyJ1c2VyaWQiOjEwNn19.9ergDv3Qs42uqr9vjjSsddBU59RSWLAvJ8tfXCwxPAQ',1728265556,1728269156,'access',0),
(64,106,'eyJ0eXAiOiJKV1QiLCJhbGciOiJIUzI1NiJ9.eyJpc3MiOiJodHRwOi8vbGlicmFyeS5vcmciLCJhdWQiOiJodHRwOi8vbGlicmFyeS5jb20iLCJpYXQiOjE3MjgyNjU1NzEsImV4cCI6MTcyODI2OTE3MSwiZGF0YSI6eyJ1c2VyaWQiOjEwNn19.sCY8lYbMaWBAWHMtJqFaDqmrF5MbIOcWirAMjZcqsCE',1728265571,1728269171,'access',0),
(65,106,'eyJ0eXAiOiJKV1QiLCJhbGciOiJIUzI1NiJ9.eyJpc3MiOiJodHRwOi8vbGlicmFyeS5vcmciLCJhdWQiOiJodHRwOi8vbGlicmFyeS5jb20iLCJpYXQiOjE3MjgyNjU1NzIsImV4cCI6MTcyODI2OTE3MiwiZGF0YSI6eyJ1c2VyaWQiOjEwNn19.eVUo6WxHmhQJtiUpODQTVLx4S3zPYsqzt2feDexhyV8',1728265572,1728269172,'access',0),
(66,106,'eyJ0eXAiOiJKV1QiLCJhbGciOiJIUzI1NiJ9.eyJpc3MiOiJodHRwOi8vbGlicmFyeS5vcmciLCJhdWQiOiJodHRwOi8vbGlicmFyeS5jb20iLCJpYXQiOjE3MjgyNjU1NzIsImV4cCI6MTcyODI2OTE3MiwiZGF0YSI6eyJ1c2VyaWQiOjEwNn19.eVUo6WxHmhQJtiUpODQTVLx4S3zPYsqzt2feDexhyV8',1728265572,1728269172,'access',0),
(67,106,'eyJ0eXAiOiJKV1QiLCJhbGciOiJIUzI1NiJ9.eyJpc3MiOiJodHRwOi8vbGlicmFyeS5vcmciLCJhdWQiOiJodHRwOi8vbGlicmFyeS5jb20iLCJpYXQiOjE3MjgyNjU1NzMsImV4cCI6MTcyODI2OTE3MywiZGF0YSI6eyJ1c2VyaWQiOjEwNn19.gDA_WTqoCYkm6Tqyxp8xIKDV6QAlPDkSAI3zkFR0Z6g',1728265573,1728269173,'access',0),
(68,106,'eyJ0eXAiOiJKV1QiLCJhbGciOiJIUzI1NiJ9.eyJpc3MiOiJodHRwOi8vbGlicmFyeS5vcmciLCJhdWQiOiJodHRwOi8vbGlicmFyeS5jb20iLCJpYXQiOjE3MjgyNjU1NzMsImV4cCI6MTcyODI2OTE3MywiZGF0YSI6eyJ1c2VyaWQiOjEwNn19.gDA_WTqoCYkm6Tqyxp8xIKDV6QAlPDkSAI3zkFR0Z6g',1728265573,1728269173,'access',0),
(69,106,'eyJ0eXAiOiJKV1QiLCJhbGciOiJIUzI1NiJ9.eyJpc3MiOiJodHRwOi8vbGlicmFyeS5vcmciLCJhdWQiOiJodHRwOi8vbGlicmFyeS5jb20iLCJpYXQiOjE3MjgyNjU1NzMsImV4cCI6MTcyODI2OTE3MywiZGF0YSI6eyJ1c2VyaWQiOjEwNn19.gDA_WTqoCYkm6Tqyxp8xIKDV6QAlPDkSAI3zkFR0Z6g',1728265573,1728269173,'access',0),
(70,106,'eyJ0eXAiOiJKV1QiLCJhbGciOiJIUzI1NiJ9.eyJpc3MiOiJodHRwOi8vbGlicmFyeS5vcmciLCJhdWQiOiJodHRwOi8vbGlicmFyeS5jb20iLCJpYXQiOjE3MjgyNjU1NzQsImV4cCI6MTcyODI2OTE3NCwiZGF0YSI6eyJ1c2VyaWQiOjEwNn19.JiYukntI1LXabUOtOPgf7fam2pRndlGQCvNPwMQupEc',1728265574,1728269174,'access',0),
(71,106,'eyJ0eXAiOiJKV1QiLCJhbGciOiJIUzI1NiJ9.eyJpc3MiOiJodHRwOi8vbGlicmFyeS5vcmciLCJhdWQiOiJodHRwOi8vbGlicmFyeS5jb20iLCJpYXQiOjE3MjgyNjU1NzQsImV4cCI6MTcyODI2OTE3NCwiZGF0YSI6eyJ1c2VyaWQiOjEwNn19.JiYukntI1LXabUOtOPgf7fam2pRndlGQCvNPwMQupEc',1728265574,1728269174,'access',0),
(72,106,'eyJ0eXAiOiJKV1QiLCJhbGciOiJIUzI1NiJ9.eyJpc3MiOiJodHRwOi8vbGlicmFyeS5vcmciLCJhdWQiOiJodHRwOi8vbGlicmFyeS5jb20iLCJpYXQiOjE3MjgyNjU1NzQsImV4cCI6MTcyODI2OTE3NCwiZGF0YSI6eyJ1c2VyaWQiOjEwNn19.JiYukntI1LXabUOtOPgf7fam2pRndlGQCvNPwMQupEc',1728265574,1728269174,'access',0),
(73,106,'eyJ0eXAiOiJKV1QiLCJhbGciOiJIUzI1NiJ9.eyJpc3MiOiJodHRwOi8vbGlicmFyeS5vcmciLCJhdWQiOiJodHRwOi8vbGlicmFyeS5jb20iLCJpYXQiOjE3MjgyNjU1NzQsImV4cCI6MTcyODI2OTE3NCwiZGF0YSI6eyJ1c2VyaWQiOjEwNn19.JiYukntI1LXabUOtOPgf7fam2pRndlGQCvNPwMQupEc',1728265574,1728269174,'access',0),
(74,106,'eyJ0eXAiOiJKV1QiLCJhbGciOiJIUzI1NiJ9.eyJpc3MiOiJodHRwOi8vbGlicmFyeS5vcmciLCJhdWQiOiJodHRwOi8vbGlicmFyeS5jb20iLCJpYXQiOjE3MjgyNjU1NzQsImV4cCI6MTcyODI2OTE3NCwiZGF0YSI6eyJ1c2VyaWQiOjEwNn19.JiYukntI1LXabUOtOPgf7fam2pRndlGQCvNPwMQupEc',1728265574,1728269174,'access',0),
(75,106,'eyJ0eXAiOiJKV1QiLCJhbGciOiJIUzI1NiJ9.eyJpc3MiOiJodHRwOi8vbGlicmFyeS5vcmciLCJhdWQiOiJodHRwOi8vbGlicmFyeS5jb20iLCJpYXQiOjE3MjgyNjU1NzQsImV4cCI6MTcyODI2OTE3NCwiZGF0YSI6eyJ1c2VyaWQiOjEwNn19.JiYukntI1LXabUOtOPgf7fam2pRndlGQCvNPwMQupEc',1728265574,1728269174,'access',0),
(76,106,'eyJ0eXAiOiJKV1QiLCJhbGciOiJIUzI1NiJ9.eyJpc3MiOiJodHRwOi8vbGlicmFyeS5vcmciLCJhdWQiOiJodHRwOi8vbGlicmFyeS5jb20iLCJpYXQiOjE3MjgyNjU1NzUsImV4cCI6MTcyODI2OTE3NSwiZGF0YSI6eyJ1c2VyaWQiOjEwNn19.P5FJUWTFIimArU-rBLxJhRHVyFf5MIdk8MyoaqGKw9g',1728265575,1728269175,'access',0),
(77,106,'eyJ0eXAiOiJKV1QiLCJhbGciOiJIUzI1NiJ9.eyJpc3MiOiJodHRwOi8vbGlicmFyeS5vcmciLCJhdWQiOiJodHRwOi8vbGlicmFyeS5jb20iLCJpYXQiOjE3MjgyNjU1NzUsImV4cCI6MTcyODI2OTE3NSwiZGF0YSI6eyJ1c2VyaWQiOjEwNn19.P5FJUWTFIimArU-rBLxJhRHVyFf5MIdk8MyoaqGKw9g',1728265575,1728269175,'access',0),
(78,106,'eyJ0eXAiOiJKV1QiLCJhbGciOiJIUzI1NiJ9.eyJpc3MiOiJodHRwOi8vbGlicmFyeS5vcmciLCJhdWQiOiJodHRwOi8vbGlicmFyeS5jb20iLCJpYXQiOjE3MjgyNjU1NzUsImV4cCI6MTcyODI2OTE3NSwiZGF0YSI6eyJ1c2VyaWQiOjEwNn19.P5FJUWTFIimArU-rBLxJhRHVyFf5MIdk8MyoaqGKw9g',1728265575,1728269175,'access',0),
(79,106,'eyJ0eXAiOiJKV1QiLCJhbGciOiJIUzI1NiJ9.eyJpc3MiOiJodHRwOi8vbGlicmFyeS5vcmciLCJhdWQiOiJodHRwOi8vbGlicmFyeS5jb20iLCJpYXQiOjE3MjgyNjU1NzUsImV4cCI6MTcyODI2OTE3NSwiZGF0YSI6eyJ1c2VyaWQiOjEwNn19.P5FJUWTFIimArU-rBLxJhRHVyFf5MIdk8MyoaqGKw9g',1728265575,1728269175,'access',0),
(80,106,'eyJ0eXAiOiJKV1QiLCJhbGciOiJIUzI1NiJ9.eyJpc3MiOiJodHRwOi8vbGlicmFyeS5vcmciLCJhdWQiOiJodHRwOi8vbGlicmFyeS5jb20iLCJpYXQiOjE3MjgyNjU1NzUsImV4cCI6MTcyODI2OTE3NSwiZGF0YSI6eyJ1c2VyaWQiOjEwNn19.P5FJUWTFIimArU-rBLxJhRHVyFf5MIdk8MyoaqGKw9g',1728265575,1728269175,'access',0),
(81,106,'eyJ0eXAiOiJKV1QiLCJhbGciOiJIUzI1NiJ9.eyJpc3MiOiJodHRwOi8vbGlicmFyeS5vcmciLCJhdWQiOiJodHRwOi8vbGlicmFyeS5jb20iLCJpYXQiOjE3MjgyNjU1NzYsImV4cCI6MTcyODI2OTE3NiwiZGF0YSI6eyJ1c2VyaWQiOjEwNn19.4m1N2DeZkh1I0wrxJew7iE-5g9OKXKyO-EiGSXDYwpo',1728265576,1728269176,'access',0),
(82,106,'eyJ0eXAiOiJKV1QiLCJhbGciOiJIUzI1NiJ9.eyJpc3MiOiJodHRwOi8vbGlicmFyeS5vcmciLCJhdWQiOiJodHRwOi8vbGlicmFyeS5jb20iLCJpYXQiOjE3MjgyNjU1NzYsImV4cCI6MTcyODI2OTE3NiwiZGF0YSI6eyJ1c2VyaWQiOjEwNn19.4m1N2DeZkh1I0wrxJew7iE-5g9OKXKyO-EiGSXDYwpo',1728265576,1728269176,'access',0),
(83,106,'eyJ0eXAiOiJKV1QiLCJhbGciOiJIUzI1NiJ9.eyJpc3MiOiJodHRwOi8vbGlicmFyeS5vcmciLCJhdWQiOiJodHRwOi8vbGlicmFyeS5jb20iLCJpYXQiOjE3MjgyNjU1NzYsImV4cCI6MTcyODI2OTE3NiwiZGF0YSI6eyJ1c2VyaWQiOjEwNn19.4m1N2DeZkh1I0wrxJew7iE-5g9OKXKyO-EiGSXDYwpo',1728265576,1728269176,'access',0),
(84,106,'eyJ0eXAiOiJKV1QiLCJhbGciOiJIUzI1NiJ9.eyJpc3MiOiJodHRwOi8vbGlicmFyeS5vcmciLCJhdWQiOiJodHRwOi8vbGlicmFyeS5jb20iLCJpYXQiOjE3MjgyNjU1NzcsImV4cCI6MTcyODI2OTE3NywiZGF0YSI6eyJ1c2VyaWQiOjEwNn19.WINvxJFUccrj5z2IoidXI2QZIESex8wl61_FyX6OSJA',1728265577,1728269177,'access',0),
(85,106,'eyJ0eXAiOiJKV1QiLCJhbGciOiJIUzI1NiJ9.eyJpc3MiOiJodHRwOi8vbGlicmFyeS5vcmciLCJhdWQiOiJodHRwOi8vbGlicmFyeS5jb20iLCJpYXQiOjE3MjgyNjU1NzcsImV4cCI6MTcyODI2OTE3NywiZGF0YSI6eyJ1c2VyaWQiOjEwNn19.WINvxJFUccrj5z2IoidXI2QZIESex8wl61_FyX6OSJA',1728265577,1728269177,'access',0),
(86,106,'eyJ0eXAiOiJKV1QiLCJhbGciOiJIUzI1NiJ9.eyJpc3MiOiJodHRwOi8vbGlicmFyeS5vcmciLCJhdWQiOiJodHRwOi8vbGlicmFyeS5jb20iLCJpYXQiOjE3MjgyNjU1NzcsImV4cCI6MTcyODI2OTE3NywiZGF0YSI6eyJ1c2VyaWQiOjEwNn19.WINvxJFUccrj5z2IoidXI2QZIESex8wl61_FyX6OSJA',1728265577,1728269177,'access',0),
(87,106,'eyJ0eXAiOiJKV1QiLCJhbGciOiJIUzI1NiJ9.eyJpc3MiOiJodHRwOi8vbGlicmFyeS5vcmciLCJhdWQiOiJodHRwOi8vbGlicmFyeS5jb20iLCJpYXQiOjE3MjgyNjU1NzcsImV4cCI6MTcyODI2OTE3NywiZGF0YSI6eyJ1c2VyaWQiOjEwNn19.WINvxJFUccrj5z2IoidXI2QZIESex8wl61_FyX6OSJA',1728265577,1728269177,'access',0),
(88,106,'eyJ0eXAiOiJKV1QiLCJhbGciOiJIUzI1NiJ9.eyJpc3MiOiJodHRwOi8vbGlicmFyeS5vcmciLCJhdWQiOiJodHRwOi8vbGlicmFyeS5jb20iLCJpYXQiOjE3MjgyNjU1NzcsImV4cCI6MTcyODI2OTE3NywiZGF0YSI6eyJ1c2VyaWQiOjEwNn19.WINvxJFUccrj5z2IoidXI2QZIESex8wl61_FyX6OSJA',1728265577,1728269177,'access',0),
(89,106,'eyJ0eXAiOiJKV1QiLCJhbGciOiJIUzI1NiJ9.eyJpc3MiOiJodHRwOi8vbGlicmFyeS5vcmciLCJhdWQiOiJodHRwOi8vbGlicmFyeS5jb20iLCJpYXQiOjE3MjgyNjU1NzgsImV4cCI6MTcyODI2OTE3OCwiZGF0YSI6eyJ1c2VyaWQiOjEwNn19.s8u_TZRvtA8GpEa1dtPQpUmjm5PeTKOtiNxLAd7sezM',1728265578,1728269178,'access',0),
(90,106,'eyJ0eXAiOiJKV1QiLCJhbGciOiJIUzI1NiJ9.eyJpc3MiOiJodHRwOi8vbGlicmFyeS5vcmciLCJhdWQiOiJodHRwOi8vbGlicmFyeS5jb20iLCJpYXQiOjE3MjgyNjU1NzgsImV4cCI6MTcyODI2OTE3OCwiZGF0YSI6eyJ1c2VyaWQiOjEwNn19.s8u_TZRvtA8GpEa1dtPQpUmjm5PeTKOtiNxLAd7sezM',1728265578,1728269178,'access',0),
(91,106,'eyJ0eXAiOiJKV1QiLCJhbGciOiJIUzI1NiJ9.eyJpc3MiOiJodHRwOi8vbGlicmFyeS5vcmciLCJhdWQiOiJodHRwOi8vbGlicmFyeS5jb20iLCJpYXQiOjE3MjgyNjU1NzgsImV4cCI6MTcyODI2OTE3OCwiZGF0YSI6eyJ1c2VyaWQiOjEwNn19.s8u_TZRvtA8GpEa1dtPQpUmjm5PeTKOtiNxLAd7sezM',1728265578,1728269178,'access',0),
(92,106,'eyJ0eXAiOiJKV1QiLCJhbGciOiJIUzI1NiJ9.eyJpc3MiOiJodHRwOi8vbGlicmFyeS5vcmciLCJhdWQiOiJodHRwOi8vbGlicmFyeS5jb20iLCJpYXQiOjE3MjgyNjU1NzksImV4cCI6MTcyODI2OTE3OSwiZGF0YSI6eyJ1c2VyaWQiOjEwNn19.8gafYpABQBvUc0D9Rmt-tqgktVwF6koY58V2CA5Qnus',1728265579,1728269179,'access',0),
(93,106,'eyJ0eXAiOiJKV1QiLCJhbGciOiJIUzI1NiJ9.eyJpc3MiOiJodHRwOi8vbGlicmFyeS5vcmciLCJhdWQiOiJodHRwOi8vbGlicmFyeS5jb20iLCJpYXQiOjE3MjgyNjU2OTEsImV4cCI6MTcyODI2OTI5MSwiZGF0YSI6eyJ1c2VyaWQiOjEwNn19.fJYQ6ppXyj91FUW-9zty-zxV5WXW6S_YIPAzAqf35k8',1728265691,1728269291,'access',1),
(94,106,'eyJ0eXAiOiJKV1QiLCJhbGciOiJIUzI1NiJ9.eyJpc3MiOiJodHRwOi8vbGlicmFyeS5vcmciLCJhdWQiOiJodHRwOi8vbGlicmFyeS5jb20iLCJpYXQiOjE3MjgyNjU3MTUsImV4cCI6MTcyODI2OTMxNSwiZGF0YSI6eyJ1c2VyaWQiOjEwNn19.ETU-PaYtML-HeR16j9kxCtRlkMiXPJnAs83qBozNUKA',1728265715,1728269315,'access',1),
(95,108,'eyJ0eXAiOiJKV1QiLCJhbGciOiJIUzI1NiJ9.eyJpc3MiOiJodHRwOi8vbGlicmFyeS5vcmciLCJhdWQiOiJodHRwOi8vbGlicmFyeS5jb20iLCJpYXQiOjE3Mjg0NzI0OTUsImV4cCI6MTcyODQ3NjA5NSwidXNlcmlkIjoxMDh9.KKcxnDXL9B1pQlUaA7oJbvwfZ3EU__Eqrw6pNqmulvg',0,0,'access',0),
(96,108,'eyJ0eXAiOiJKV1QiLCJhbGciOiJIUzI1NiJ9.eyJpc3MiOiJodHRwOi8vbGlicmFyeS5vcmciLCJhdWQiOiJodHRwOi8vbGlicmFyeS5jb20iLCJpYXQiOjE3Mjg0NzI1MDEsImV4cCI6MTcyODQ3NjEwMSwidXNlcmlkIjoxMDh9.wmqg9k3E6staVAoRq4vnK6mYZbhbkD27MV97qz1z5xs',0,0,'access',0),
(97,108,'eyJ0eXAiOiJKV1QiLCJhbGciOiJIUzI1NiJ9.eyJpc3MiOiJodHRwOi8vbGlicmFyeS5vcmciLCJhdWQiOiJodHRwOi8vbGlicmFyeS5jb20iLCJpYXQiOjE3Mjg0NzI1MDIsImV4cCI6MTcyODQ3NjEwMiwidXNlcmlkIjoxMDh9.WHdV7LEm-Qk9pHi_tpwsuK-YT44dRHufjSGH4Se9Wg0',0,0,'access',0),
(98,108,'eyJ0eXAiOiJKV1QiLCJhbGciOiJIUzI1NiJ9.eyJpc3MiOiJodHRwOi8vbGlicmFyeS5vcmciLCJhdWQiOiJodHRwOi8vbGlicmFyeS5jb20iLCJpYXQiOjE3Mjg0NzI1MDIsImV4cCI6MTcyODQ3NjEwMiwidXNlcmlkIjoxMDh9.WHdV7LEm-Qk9pHi_tpwsuK-YT44dRHufjSGH4Se9Wg0',0,0,'access',0),
(99,108,'eyJ0eXAiOiJKV1QiLCJhbGciOiJIUzI1NiJ9.eyJpc3MiOiJodHRwOi8vbGlicmFyeS5vcmciLCJhdWQiOiJodHRwOi8vbGlicmFyeS5jb20iLCJpYXQiOjE3Mjg0NzI1MDIsImV4cCI6MTcyODQ3NjEwMiwidXNlcmlkIjoxMDh9.WHdV7LEm-Qk9pHi_tpwsuK-YT44dRHufjSGH4Se9Wg0',0,0,'access',0),
(100,108,'eyJ0eXAiOiJKV1QiLCJhbGciOiJIUzI1NiJ9.eyJpc3MiOiJodHRwOi8vbGlicmFyeS5vcmciLCJhdWQiOiJodHRwOi8vbGlicmFyeS5jb20iLCJpYXQiOjE3Mjg0NzI1MDMsImV4cCI6MTcyODQ3NjEwMywidXNlcmlkIjoxMDh9.OhN9gOd9c7KuKvVpIBIW56JTsakKUsXID1olqm8CuWM',0,0,'access',0),
(101,108,'eyJ0eXAiOiJKV1QiLCJhbGciOiJIUzI1NiJ9.eyJpc3MiOiJodHRwOi8vbGlicmFyeS5vcmciLCJhdWQiOiJodHRwOi8vbGlicmFyeS5jb20iLCJpYXQiOjE3Mjg0NzI1MDMsImV4cCI6MTcyODQ3NjEwMywidXNlcmlkIjoxMDh9.OhN9gOd9c7KuKvVpIBIW56JTsakKUsXID1olqm8CuWM',0,0,'access',0),
(102,108,'eyJ0eXAiOiJKV1QiLCJhbGciOiJIUzI1NiJ9.eyJpc3MiOiJodHRwOi8vbGlicmFyeS5vcmciLCJhdWQiOiJodHRwOi8vbGlicmFyeS5jb20iLCJpYXQiOjE3Mjg0NzI1MDMsImV4cCI6MTcyODQ3NjEwMywidXNlcmlkIjoxMDh9.OhN9gOd9c7KuKvVpIBIW56JTsakKUsXID1olqm8CuWM',0,0,'access',0),
(103,108,'eyJ0eXAiOiJKV1QiLCJhbGciOiJIUzI1NiJ9.eyJpc3MiOiJodHRwOi8vbGlicmFyeS5vcmciLCJhdWQiOiJodHRwOi8vbGlicmFyeS5jb20iLCJpYXQiOjE3Mjg0NzI1MDMsImV4cCI6MTcyODQ3NjEwMywidXNlcmlkIjoxMDh9.OhN9gOd9c7KuKvVpIBIW56JTsakKUsXID1olqm8CuWM',0,0,'access',0),
(104,108,'eyJ0eXAiOiJKV1QiLCJhbGciOiJIUzI1NiJ9.eyJpc3MiOiJodHRwOi8vbGlicmFyeS5vcmciLCJhdWQiOiJodHRwOi8vbGlicmFyeS5jb20iLCJpYXQiOjE3Mjg0NzI1MDMsImV4cCI6MTcyODQ3NjEwMywidXNlcmlkIjoxMDh9.OhN9gOd9c7KuKvVpIBIW56JTsakKUsXID1olqm8CuWM',0,0,'access',0),
(105,108,'eyJ0eXAiOiJKV1QiLCJhbGciOiJIUzI1NiJ9.eyJpc3MiOiJodHRwOi8vbGlicmFyeS5vcmciLCJhdWQiOiJodHRwOi8vbGlicmFyeS5jb20iLCJpYXQiOjE3Mjg0NzI1MDQsImV4cCI6MTcyODQ3NjEwNCwidXNlcmlkIjoxMDh9.Q4KPvpNmhHMDO0GtjP95T-p_E56EGtVCt5y-NM9oVHY',0,0,'access',0),
(106,108,'eyJ0eXAiOiJKV1QiLCJhbGciOiJIUzI1NiJ9.eyJpc3MiOiJodHRwOi8vbGlicmFyeS5vcmciLCJhdWQiOiJodHRwOi8vbGlicmFyeS5jb20iLCJpYXQiOjE3Mjg0NzI1MDQsImV4cCI6MTcyODQ3NjEwNCwidXNlcmlkIjoxMDh9.Q4KPvpNmhHMDO0GtjP95T-p_E56EGtVCt5y-NM9oVHY',0,0,'access',0),
(107,108,'eyJ0eXAiOiJKV1QiLCJhbGciOiJIUzI1NiJ9.eyJpc3MiOiJodHRwOi8vbGlicmFyeS5vcmciLCJhdWQiOiJodHRwOi8vbGlicmFyeS5jb20iLCJpYXQiOjE3Mjg0NzI1MDQsImV4cCI6MTcyODQ3NjEwNCwidXNlcmlkIjoxMDh9.Q4KPvpNmhHMDO0GtjP95T-p_E56EGtVCt5y-NM9oVHY',0,0,'access',0),
(108,108,'eyJ0eXAiOiJKV1QiLCJhbGciOiJIUzI1NiJ9.eyJpc3MiOiJodHRwOi8vbGlicmFyeS5vcmciLCJhdWQiOiJodHRwOi8vbGlicmFyeS5jb20iLCJpYXQiOjE3Mjg0NzI1MDUsImV4cCI6MTcyODQ3NjEwNSwidXNlcmlkIjoxMDh9.4nBWYMNZZP4cmYDPfkP8Ezp-AYzF1F0yQwyVfyrRyW8',0,0,'access',0),
(109,108,'eyJ0eXAiOiJKV1QiLCJhbGciOiJIUzI1NiJ9.eyJpc3MiOiJodHRwOi8vbGlicmFyeS5vcmciLCJhdWQiOiJodHRwOi8vbGlicmFyeS5jb20iLCJpYXQiOjE3Mjg0NzI1MDUsImV4cCI6MTcyODQ3NjEwNSwidXNlcmlkIjoxMDh9.4nBWYMNZZP4cmYDPfkP8Ezp-AYzF1F0yQwyVfyrRyW8',0,0,'access',0),
(110,108,'eyJ0eXAiOiJKV1QiLCJhbGciOiJIUzI1NiJ9.eyJpc3MiOiJodHRwOi8vbGlicmFyeS5vcmciLCJhdWQiOiJodHRwOi8vbGlicmFyeS5jb20iLCJpYXQiOjE3Mjg0NzI1NjcsImV4cCI6MTcyODQ3NjE2NywidXNlcmlkIjoxMDh9.5oQJnVnorL_xiynWweFVrxgts8wy17qo9CK50s4pDhY',0,0,'access',0),
(111,108,'eyJ0eXAiOiJKV1QiLCJhbGciOiJIUzI1NiJ9.eyJpc3MiOiJodHRwOi8vbGlicmFyeS5vcmciLCJhdWQiOiJodHRwOi8vbGlicmFyeS5jb20iLCJpYXQiOjE3Mjg0NzI1NjgsImV4cCI6MTcyODQ3NjE2OCwidXNlcmlkIjoxMDh9.SOPVQBBIra9y319_Yy46cgWKPVfsErzJxoYEQxLgoPU',0,0,'access',0),
(112,108,'eyJ0eXAiOiJKV1QiLCJhbGciOiJIUzI1NiJ9.eyJpc3MiOiJodHRwOi8vbGlicmFyeS5vcmciLCJhdWQiOiJodHRwOi8vbGlicmFyeS5jb20iLCJpYXQiOjE3Mjg0NzI1NjgsImV4cCI6MTcyODQ3NjE2OCwidXNlcmlkIjoxMDh9.SOPVQBBIra9y319_Yy46cgWKPVfsErzJxoYEQxLgoPU',0,0,'access',0),
(113,108,'eyJ0eXAiOiJKV1QiLCJhbGciOiJIUzI1NiJ9.eyJpc3MiOiJodHRwOi8vbGlicmFyeS5vcmciLCJhdWQiOiJodHRwOi8vbGlicmFyeS5jb20iLCJpYXQiOjE3Mjg0NzI1NjksImV4cCI6MTcyODQ3NjE2OSwidXNlcmlkIjoxMDh9.nEDXUrLVsuKhgPN2PWpCV3Lsg4Qb3k_PvI2QilOLViI',0,0,'access',1),
(114,108,'eyJ0eXAiOiJKV1QiLCJhbGciOiJIUzI1NiJ9.eyJpc3MiOiJodHRwOi8vbGlicmFyeS5vcmciLCJhdWQiOiJodHRwOi8vbGlicmFyeS5jb20iLCJpYXQiOjE3Mjg0NzI1NzcsImV4cCI6MTcyODQ3NjE3NywidXNlcmlkIjoiMTA4In0.z3j7Q1WHL_VezEbtQW8T5ShUphlIlUwYouZPG0xOXqU',0,0,'access',0),
(115,108,'eyJ0eXAiOiJKV1QiLCJhbGciOiJIUzI1NiJ9.eyJpc3MiOiJodHRwOi8vbGlicmFyeS5vcmciLCJhdWQiOiJodHRwOi8vbGlicmFyeS5jb20iLCJpYXQiOjE3Mjg0NzI1ODIsImV4cCI6MTcyODQ3NjE4MiwidXNlcmlkIjoxMDh9.8D5pGRlnXEPyIcEiZhbDrF_ziHq_kwK3pQXLzpYpI-0',0,0,'access',0),
(116,108,'eyJ0eXAiOiJKV1QiLCJhbGciOiJIUzI1NiJ9.eyJpc3MiOiJodHRwOi8vbGlicmFyeS5vcmciLCJhdWQiOiJodHRwOi8vbGlicmFyeS5jb20iLCJpYXQiOjE3Mjg0NzI1ODMsImV4cCI6MTcyODQ3NjE4MywidXNlcmlkIjoxMDh9.5YddbylaPDy4aOegObyzLJTy93mReA5jilXl1QqAW8M',0,0,'access',1),
(117,108,'eyJ0eXAiOiJKV1QiLCJhbGciOiJIUzI1NiJ9.eyJpc3MiOiJodHRwOi8vbGlicmFyeS5vcmciLCJhdWQiOiJodHRwOi8vbGlicmFyeS5jb20iLCJpYXQiOjE3Mjg0NzI1ODMsImV4cCI6MTcyODQ3NjE4MywidXNlcmlkIjoxMDh9.5YddbylaPDy4aOegObyzLJTy93mReA5jilXl1QqAW8M',0,0,'access',1),
(118,108,'eyJ0eXAiOiJKV1QiLCJhbGciOiJIUzI1NiJ9.eyJpc3MiOiJodHRwOi8vbGlicmFyeS5vcmciLCJhdWQiOiJodHRwOi8vbGlicmFyeS5jb20iLCJpYXQiOjE3Mjg0NzI1ODMsImV4cCI6MTcyODQ3NjE4MywidXNlcmlkIjoxMDh9.5YddbylaPDy4aOegObyzLJTy93mReA5jilXl1QqAW8M',0,0,'access',1),
(119,108,'eyJ0eXAiOiJKV1QiLCJhbGciOiJIUzI1NiJ9.eyJpc3MiOiJodHRwOi8vbGlicmFyeS5vcmciLCJhdWQiOiJodHRwOi8vbGlicmFyeS5jb20iLCJpYXQiOjE3Mjg0NzI1OTIsImV4cCI6MTcyODQ3NjE5MiwidXNlcmlkIjoiMTA4In0.RMgshQ-4Ylk7sxb89n1XpvotRM3MHmXa3CDTGz84zrE',0,0,'access',0),
(120,108,'eyJ0eXAiOiJKV1QiLCJhbGciOiJIUzI1NiJ9.eyJpc3MiOiJodHRwOi8vbGlicmFyeS5vcmciLCJhdWQiOiJodHRwOi8vbGlicmFyeS5jb20iLCJpYXQiOjE3Mjg0NzI2MTIsImV4cCI6MTcyODQ3NjIxMiwidXNlcmlkIjoxMDh9.VffZ91jsGIYj04dPs8mkQ2Nkt_aYeAhaLTHY8TCdppk',0,0,'access',0),
(121,108,'eyJ0eXAiOiJKV1QiLCJhbGciOiJIUzI1NiJ9.eyJpc3MiOiJodHRwOi8vbGlicmFyeS5vcmciLCJhdWQiOiJodHRwOi8vbGlicmFyeS5jb20iLCJpYXQiOjE3Mjg0NzI2MTIsImV4cCI6MTcyODQ3NjIxMiwidXNlcmlkIjoxMDh9.VffZ91jsGIYj04dPs8mkQ2Nkt_aYeAhaLTHY8TCdppk',0,0,'access',0),
(122,108,'eyJ0eXAiOiJKV1QiLCJhbGciOiJIUzI1NiJ9.eyJpc3MiOiJodHRwOi8vbGlicmFyeS5vcmciLCJhdWQiOiJodHRwOi8vbGlicmFyeS5jb20iLCJpYXQiOjE3Mjg0NzI2MTIsImV4cCI6MTcyODQ3NjIxMiwidXNlcmlkIjoxMDh9.VffZ91jsGIYj04dPs8mkQ2Nkt_aYeAhaLTHY8TCdppk',0,0,'access',0),
(123,108,'eyJ0eXAiOiJKV1QiLCJhbGciOiJIUzI1NiJ9.eyJpc3MiOiJodHRwOi8vbGlicmFyeS5vcmciLCJhdWQiOiJodHRwOi8vbGlicmFyeS5jb20iLCJpYXQiOjE3Mjg0NzI2MTIsImV4cCI6MTcyODQ3NjIxMiwidXNlcmlkIjoxMDh9.VffZ91jsGIYj04dPs8mkQ2Nkt_aYeAhaLTHY8TCdppk',0,0,'access',0),
(124,108,'eyJ0eXAiOiJKV1QiLCJhbGciOiJIUzI1NiJ9.eyJpc3MiOiJodHRwOi8vbGlicmFyeS5vcmciLCJhdWQiOiJodHRwOi8vbGlicmFyeS5jb20iLCJpYXQiOjE3Mjg0NzI2MTIsImV4cCI6MTcyODQ3NjIxMiwidXNlcmlkIjoxMDh9.VffZ91jsGIYj04dPs8mkQ2Nkt_aYeAhaLTHY8TCdppk',0,0,'access',0),
(125,108,'eyJ0eXAiOiJKV1QiLCJhbGciOiJIUzI1NiJ9.eyJpc3MiOiJodHRwOi8vbGlicmFyeS5vcmciLCJhdWQiOiJodHRwOi8vbGlicmFyeS5jb20iLCJpYXQiOjE3Mjg0NzI2MTIsImV4cCI6MTcyODQ3NjIxMiwidXNlcmlkIjoxMDh9.VffZ91jsGIYj04dPs8mkQ2Nkt_aYeAhaLTHY8TCdppk',0,0,'access',0),
(126,108,'eyJ0eXAiOiJKV1QiLCJhbGciOiJIUzI1NiJ9.eyJpc3MiOiJodHRwOi8vbGlicmFyeS5vcmciLCJhdWQiOiJodHRwOi8vbGlicmFyeS5jb20iLCJpYXQiOjE3Mjg0NzI2MTMsImV4cCI6MTcyODQ3NjIxMywidXNlcmlkIjoxMDh9.29ts413Z20KGZMi6qpKwWElqLXuTaxFnMA8dBnXIk7o',0,0,'access',0),
(127,108,'eyJ0eXAiOiJKV1QiLCJhbGciOiJIUzI1NiJ9.eyJpc3MiOiJodHRwOi8vbGlicmFyeS5vcmciLCJhdWQiOiJodHRwOi8vbGlicmFyeS5jb20iLCJpYXQiOjE3Mjg0NzI2MTMsImV4cCI6MTcyODQ3NjIxMywidXNlcmlkIjoxMDh9.29ts413Z20KGZMi6qpKwWElqLXuTaxFnMA8dBnXIk7o',0,0,'access',0),
(128,108,'eyJ0eXAiOiJKV1QiLCJhbGciOiJIUzI1NiJ9.eyJpc3MiOiJodHRwOi8vbGlicmFyeS5vcmciLCJhdWQiOiJodHRwOi8vbGlicmFyeS5jb20iLCJpYXQiOjE3Mjg0NzI2MTMsImV4cCI6MTcyODQ3NjIxMywidXNlcmlkIjoxMDh9.29ts413Z20KGZMi6qpKwWElqLXuTaxFnMA8dBnXIk7o',0,0,'access',0),
(129,108,'eyJ0eXAiOiJKV1QiLCJhbGciOiJIUzI1NiJ9.eyJpc3MiOiJodHRwOi8vbGlicmFyeS5vcmciLCJhdWQiOiJodHRwOi8vbGlicmFyeS5jb20iLCJpYXQiOjE3Mjg0NzI2MTMsImV4cCI6MTcyODQ3NjIxMywidXNlcmlkIjoxMDh9.29ts413Z20KGZMi6qpKwWElqLXuTaxFnMA8dBnXIk7o',0,0,'access',0),
(130,108,'eyJ0eXAiOiJKV1QiLCJhbGciOiJIUzI1NiJ9.eyJpc3MiOiJodHRwOi8vbGlicmFyeS5vcmciLCJhdWQiOiJodHRwOi8vbGlicmFyeS5jb20iLCJpYXQiOjE3Mjg0NzI2MTMsImV4cCI6MTcyODQ3NjIxMywidXNlcmlkIjoxMDh9.29ts413Z20KGZMi6qpKwWElqLXuTaxFnMA8dBnXIk7o',0,0,'access',0),
(131,108,'eyJ0eXAiOiJKV1QiLCJhbGciOiJIUzI1NiJ9.eyJpc3MiOiJodHRwOi8vbGlicmFyeS5vcmciLCJhdWQiOiJodHRwOi8vbGlicmFyeS5jb20iLCJpYXQiOjE3Mjg0NzI2MTMsImV4cCI6MTcyODQ3NjIxMywidXNlcmlkIjoxMDh9.29ts413Z20KGZMi6qpKwWElqLXuTaxFnMA8dBnXIk7o',0,0,'access',0),
(132,108,'eyJ0eXAiOiJKV1QiLCJhbGciOiJIUzI1NiJ9.eyJpc3MiOiJodHRwOi8vbGlicmFyeS5vcmciLCJhdWQiOiJodHRwOi8vbGlicmFyeS5jb20iLCJpYXQiOjE3Mjg0NzI2MTMsImV4cCI6MTcyODQ3NjIxMywidXNlcmlkIjoxMDh9.29ts413Z20KGZMi6qpKwWElqLXuTaxFnMA8dBnXIk7o',0,0,'access',0),
(133,108,'eyJ0eXAiOiJKV1QiLCJhbGciOiJIUzI1NiJ9.eyJpc3MiOiJodHRwOi8vbGlicmFyeS5vcmciLCJhdWQiOiJodHRwOi8vbGlicmFyeS5jb20iLCJpYXQiOjE3Mjg0NzI2MTQsImV4cCI6MTcyODQ3NjIxNCwidXNlcmlkIjoxMDh9.8PsmZasgeriTqWMLLmlIE6dYQzgxEwsTpgvgNWxB0GQ',0,0,'access',1),
(134,108,'eyJ0eXAiOiJKV1QiLCJhbGciOiJIUzI1NiJ9.eyJpc3MiOiJodHRwOi8vbGlicmFyeS5vcmciLCJhdWQiOiJodHRwOi8vbGlicmFyeS5jb20iLCJpYXQiOjE3Mjg0NzI2MTQsImV4cCI6MTcyODQ3NjIxNCwidXNlcmlkIjoxMDh9.8PsmZasgeriTqWMLLmlIE6dYQzgxEwsTpgvgNWxB0GQ',0,0,'access',1),
(135,108,'eyJ0eXAiOiJKV1QiLCJhbGciOiJIUzI1NiJ9.eyJpc3MiOiJodHRwOi8vbGlicmFyeS5vcmciLCJhdWQiOiJodHRwOi8vbGlicmFyeS5jb20iLCJpYXQiOjE3Mjg0NzI2MzIsImV4cCI6MTcyODQ3NjIzMiwidXNlcmlkIjoiMTA4In0.lvkgbKjv9IivZhIVQrOmu1oVR_i27be5-FDCH5tWSQw',0,0,'access',1),
(136,108,'eyJ0eXAiOiJKV1QiLCJhbGciOiJIUzI1NiJ9.eyJpc3MiOiJodHRwOi8vbGlicmFyeS5vcmciLCJhdWQiOiJodHRwOi8vbGlicmFyeS5jb20iLCJpYXQiOjE3Mjg0NzI2NDYsImV4cCI6MTcyODQ3NjI0NiwidXNlcmlkIjoiMTA4In0.P9GYjDZkdJjjXNmo7a9SJAptleLdvcqXbVhB-huYatI',0,0,'access',1),
(137,108,'eyJ0eXAiOiJKV1QiLCJhbGciOiJIUzI1NiJ9.eyJpc3MiOiJodHRwOi8vbGlicmFyeS5vcmciLCJhdWQiOiJodHRwOi8vbGlicmFyeS5jb20iLCJpYXQiOjE3Mjg0NzI2NTQsImV4cCI6MTcyODQ3NjI1NCwidXNlcmlkIjoiMTA4In0.9sZKtR7yRPnahZP2g35eGM2ADZCDouMgpbhVFhvprDo',0,0,'access',1),
(138,108,'eyJ0eXAiOiJKV1QiLCJhbGciOiJIUzI1NiJ9.eyJpc3MiOiJodHRwOi8vbGlicmFyeS5vcmciLCJhdWQiOiJodHRwOi8vbGlicmFyeS5jb20iLCJpYXQiOjE3Mjg0NzI2NjcsImV4cCI6MTcyODQ3NjI2NywidXNlcmlkIjoiMTA4In0.0x47wTvJTxxC0v0HxnW2nm63-8wOPbz-pOnOyI2ZNgc',0,0,'access',1),
(139,108,'eyJ0eXAiOiJKV1QiLCJhbGciOiJIUzI1NiJ9.eyJpc3MiOiJodHRwOi8vbGlicmFyeS5vcmciLCJhdWQiOiJodHRwOi8vbGlicmFyeS5jb20iLCJpYXQiOjE3Mjg0NzI2NzcsImV4cCI6MTcyODQ3NjI3NywidXNlcmlkIjoiMTA4In0.-j6fEk0bG_KJnRH4L2M_pQCxzXcLjdugTNxsAD3xAdc',0,0,'access',1),
(140,108,'eyJ0eXAiOiJKV1QiLCJhbGciOiJIUzI1NiJ9.eyJpc3MiOiJodHRwOi8vbGlicmFyeS5vcmciLCJhdWQiOiJodHRwOi8vbGlicmFyeS5jb20iLCJpYXQiOjE3Mjg0NzI2ODUsImV4cCI6MTcyODQ3NjI4NSwidXNlcmlkIjoiMTA4In0.yaztstw0bABugpogbWhK73AHelriHHyc27Bx9YBBZv0',0,0,'access',1),
(141,108,'eyJ0eXAiOiJKV1QiLCJhbGciOiJIUzI1NiJ9.eyJpc3MiOiJodHRwOi8vbGlicmFyeS5vcmciLCJhdWQiOiJodHRwOi8vbGlicmFyeS5jb20iLCJpYXQiOjE3Mjg0NzI3MjIsImV4cCI6MTcyODQ3NjMyMiwidXNlcmlkIjoiMTA4In0.RztiitcNiGNK-lUKo-rhq8EIB32-8ne56-uqPdg2la8',0,0,'access',1),
(142,108,'eyJ0eXAiOiJKV1QiLCJhbGciOiJIUzI1NiJ9.eyJpc3MiOiJodHRwOi8vbGlicmFyeS5vcmciLCJhdWQiOiJodHRwOi8vbGlicmFyeS5jb20iLCJpYXQiOjE3Mjg0NzI3NDMsImV4cCI6MTcyODQ3NjM0MywidXNlcmlkIjoiMTA4In0.ZCOqhD_ZmJQecOKySZgIIna7Ux7AHYX6nc-agaknnM0',0,0,'access',1),
(143,108,'eyJ0eXAiOiJKV1QiLCJhbGciOiJIUzI1NiJ9.eyJpc3MiOiJodHRwOi8vbGlicmFyeS5vcmciLCJhdWQiOiJodHRwOi8vbGlicmFyeS5jb20iLCJpYXQiOjE3Mjg0NzI3NzMsImV4cCI6MTcyODQ3NjM3MywidXNlcmlkIjoiMTA4In0.Zw8-kDuU-KJfBkxvy67ZP4k0BtWI44sic5F5ZYXAnEU',0,0,'access',1),
(144,108,'eyJ0eXAiOiJKV1QiLCJhbGciOiJIUzI1NiJ9.eyJpc3MiOiJodHRwOi8vbGlicmFyeS5vcmciLCJhdWQiOiJodHRwOi8vbGlicmFyeS5jb20iLCJpYXQiOjE3Mjg0NzI3OTcsImV4cCI6MTcyODQ3NjM5NywidXNlcmlkIjoiMTA4In0.KnkT2SpUuSH7oCkQg4PsU20Elt95uDUPs88PDqkCFdY',0,0,'access',1),
(145,108,'eyJ0eXAiOiJKV1QiLCJhbGciOiJIUzI1NiJ9.eyJpc3MiOiJodHRwOi8vbGlicmFyeS5vcmciLCJhdWQiOiJodHRwOi8vbGlicmFyeS5jb20iLCJpYXQiOjE3Mjg0NzI4MjUsImV4cCI6MTcyODQ3NjQyNSwidXNlcmlkIjoiMTA4In0.4RZEOK1meH0hssg5qhuH10VhIIu2sRn-_7Bc0y8dMak',0,0,'access',1),
(146,108,'eyJ0eXAiOiJKV1QiLCJhbGciOiJIUzI1NiJ9.eyJpc3MiOiJodHRwOi8vbGlicmFyeS5vcmciLCJhdWQiOiJodHRwOi8vbGlicmFyeS5jb20iLCJpYXQiOjE3Mjg0NzI4MzksImV4cCI6MTcyODQ3NjQzOSwidXNlcmlkIjoiMTA4In0.eHhamVl_dw89Z8XxCAokSBQFH6DVoBMLEdauG55giUY',0,0,'access',0);

/*Table structure for table `users` */

DROP TABLE IF EXISTS `users`;

CREATE TABLE `users` (
  `userid` int(9) NOT NULL AUTO_INCREMENT,
  `username` char(255) NOT NULL,
  `password` text NOT NULL,
  PRIMARY KEY (`userid`)
) ENGINE=InnoDB AUTO_INCREMENT=109 DEFAULT CHARSET=utf8mb4 COLLATE=utf8mb4_general_ci;

/*Data for the table `users` */

insert  into `users`(`userid`,`username`,`password`) values 
(101,'user101','5c773b22ea79d367b38810e7e9ad108646ed62e231868cefb0b1280ea88ac4f0'),
(102,'user101','5c773b22ea79d367b38810e7e9ad108646ed62e231868cefb0b1280ea88ac4f0'),
(103,'denver45','192129cc9afd618524bed6531e6d0a2b94e0eba1cdb50179a03a109a23d14351'),
(104,'denver455','0d9cc342576988d361306c124d636519273d3c1128e1524e08a4fd2fc532cad2'),
(105,'denver455','$2y$10$ncXOS8MBiYUA9/ArSqXj.u7x8TIfFqVBTi2NPxjpPvRyLPycPjtpG'),
(106,'denver4555','$2y$10$QxlW6tkZkChlc9oRWQ55UeIiCQfw9UXPol4NXqW1MMfoGbq8ddNTK'),
(107,'denver4555','$2y$10$PxDWetrXWzD49YUw4MyyrOHjN06W9YaPtCa7v4JzKXAMiP8wNqB8.'),
(108,'denver455566','$2y$10$x00gqzQJyRyIKAawFm0OsO7.XQ/nJPGPmOnckzapxp6ThzLr39fe6');

/*!40101 SET SQL_MODE=@OLD_SQL_MODE */;
/*!40014 SET FOREIGN_KEY_CHECKS=@OLD_FOREIGN_KEY_CHECKS */;
/*!40014 SET UNIQUE_CHECKS=@OLD_UNIQUE_CHECKS */;
/*!40111 SET SQL_NOTES=@OLD_SQL_NOTES */;
